,Beta,wald.test,HR,HR95L,HR95H,pvalue,HR_95_CI
APIP,0.67,15,2,1.4,2.7,0.00013,2 (1.4-2.7)
BAK1,0.36,12,1.4,1.2,1.8,0.00047,1.4 (1.2-1.8)
CASP3,0.37,7,1.4,1.1,1.9,0.0081,1.4 (1.1-1.9)
CASP8,0.59,14,1.8,1.3,2.5,0.00022,1.8 (1.3-2.5)
CHMP2B,0.38,5.9,1.5,1.1,2,0.015,1.5 (1.1-2)
CHMP4C,0.35,9.3,1.4,1.1,1.8,0.0023,1.4 (1.1-1.8)
GSDMC,0.38,5.1,1.5,1.1,2,0.024,1.5 (1.1-2)
GZMA,-0.23,6.4,0.8,0.67,0.95,0.011,0.8 (0.67-0.95)
IL1B,0.41,4,1.5,1,2.2,0.045,1.5 (1-2.2)
